customerId,recommendedProducts
1,226|247|230|125|248|204|294|276|83|72
2,226|247|230|125|248|204|294|276|83|165
3,226|247|230|125|248|204|294|276|83|72
4,226|247|230|125|248|204|294|276|83|72
5,226|247|230|125|248|204|294|276|83|72
6,226|247|230|125|248|204|294|276|83|72
7,226|247|230|125|248|204|294|276|83|72
8,226|247|230|125|248|204|294|276|83|72
9,226|247|230|125|248|294|204|276|83|72
10,226|247|230|125|248|204|294|276|83|72
11,226|247|230|125|248|204|294|276|83|72
12,226|247|230|125|248|204|294|276|83|72
13,226|247|230|125|248|204|294|276|83|72
14,226|247|230|125|248|204|294|276|83|72
15,226|247|230|125|248|204|294|276|83|72
16,247|230|125|248|204|294|276|83|72|213
17,226|247|230|125|248|204|294|276|83|72
18,226|247|230|125|248|204|294|276|83|72
19,226|247|230|125|248|204|294|276|83|72
20,226|247|230|125|248|204|294|276|83|72
21,226|247|230|125|248|204|294|276|83|72
22,226|247|230|125|248|204|294|276|83|72
23,226|247|230|125|248|204|294|276|83|213
24,226|247|230|125|248|204|294|276|83|72
25,226|247|230|125|248|204|294|276|83|72
26,226|247|230|125|248|204|294|276|83|72
27,226|247|230|125|248|204|294|276|83|72
28,226|247|230|125|248|204|294|276|83|72
29,226|247|230|125|248|204|294|276|83|72
30,226|247|230|125|248|204|294|276|83|72
31,226|247|230|125|248|204|294|276|83|72
32,226|247|230|248|204|294|276|83|72|213
33,226|247|230|125|248|204|294|276|83|72
34,226|247|230|125|248|204|294|276|83|72
35,226|247|230|125|248|204|294|276|83|72
36,226|247|230|125|248|204|294|276|83|72
37,226|247|230|125|248|204|294|276|83|72
38,226|247|230|125|248|204|294|276|83|72
39,226|247|230|125|248|204|294|276|83|72
40,226|247|230|125|248|204|294|276|72|83
41,226|247|230|125|248|204|294|276|83|72
42,226|247|230|125|248|204|294|276|83|72
43,226|247|230|125|248|204|294|276|83|72
44,226|247|230|125|248|204|294|276|83|72
45,226|247|230|125|248|204|294|276|83|213
46,226|247|230|125|248|204|294|276|83|72
47,226|247|230|125|248|204|294|276|83|72
48,226|247|230|125|248|204|294|276|83|72
49,226|247|230|125|248|204|294|276|83|72
50,226|247|230|125|248|294|204|276|83|72
51,226|247|230|125|248|204|294|276|83|72
52,226|247|230|125|248|204|294|276|83|72
53,226|247|230|125|248|204|294|276|83|72
54,226|247|230|125|248|204|294|276|83|72
55,226|247|230|125|248|204|294|276|83|72
56,226|247|230|125|248|204|294|276|83|72
57,226|247|230|125|248|204|294|276|83|213
58,226|247|230|125|248|204|294|276|83|72
59,226|247|230|125|248|204|294|276|83|72
60,226|247|230|125|248|204|294|276|83|72
61,226|247|230|248|125|204|294|276|83|72
62,226|247|230|125|248|204|294|276|83|72
63,226|247|230|125|248|294|276|83|72|213
64,226|247|230|125|248|204|294|276|83|72
65,226|247|230|125|248|204|294|276|83|72
66,226|247|230|125|248|204|294|276|83|72
67,226|247|230|125|248|204|294|276|83|213
68,226|247|230|125|248|204|294|276|72|83
69,226|247|230|125|248|204|294|276|83|72
70,226|247|230|125|248|204|294|276|83|72
71,226|247|230|125|248|204|294|276|83|72
72,226|247|125|248|204|294|276|83|72|213
73,226|247|230|125|248|204|294|276|83|72
74,226|247|230|125|248|204|294|276|83|72
75,247|230|125|248|204|294|276|83|72|213
76,226|247|230|125|248|204|294|276|83|72
77,226|247|230|125|248|204|294|276|83|72
78,226|247|230|125|248|204|294|276|83|72
79,226|247|230|125|248|204|294|276|83|72
80,226|247|230|125|248|204|294|276|83|72
81,226|247|230|125|248|204|294|276|83|72
82,226|247|230|125|248|204|294|276|83|72
83,226|247|230|125|248|204|294|276|83|72
84,226|247|230|125|248|204|294|276|83|72
85,226|247|230|125|248|204|294|276|83|72
86,226|247|230|125|248|204|294|276|83|72
87,226|247|230|125|248|204|276|83|72|213
88,226|247|230|125|248|204|294|276|83|72
89,226|247|230|125|248|204|294|276|83|72
90,226|247|230|125|248|204|294|276|72|213
91,226|247|230|125|248|204|294|276|83|72
92,226|247|230|125|248|204|294|276|83|72
93,226|247|230|125|248|204|294|276|83|72
94,226|247|230|125|248|204|294|276|83|72
95,226|247|230|125|248|204|294|276|83|72
96,226|247|230|125|248|204|294|276|83|72
97,226|247|230|125|248|204|294|276|83|72
98,226|247|230|125|248|204|294|276|83|72
99,226|247|230|125|248|204|294|276|83|72
100,226|247|230|125|248|204|294|276|83|72
101,226|247|230|125|248|204|294|276|83|72
102,226|247|230|125|248|204|294|276|83|72
103,226|247|230|125|248|204|294|276|83|72
104,247|230|125|248|204|294|276|83|72|165
105,226|247|230|125|248|204|294|276|83|72
106,226|247|230|125|248|204|294|276|83|72
107,226|247|230|125|248|204|294|276|83|72
108,226|247|230|125|248|204|294|276|83|72
109,226|247|230|125|248|204|294|276|83|72
110,226|247|230|125|248|204|294|276|83|72
111,226|247|230|125|248|204|294|276|83|72
112,226|247|230|125|248|204|294|276|83|72
113,226|247|230|125|248|204|294|276|83|72
114,226|247|230|125|248|204|294|276|83|72
115,226|247|230|125|248|204|294|276|83|72
116,226|247|230|125|248|204|294|276|83|213
117,226|247|230|125|248|204|294|276|83|72
118,226|247|230|125|248|204|294|276|83|72
119,226|247|230|125|248|204|294|276|83|72
120,226|247|230|125|248|204|294|276|83|72
121,226|247|230|125|248|204|294|276|83|72
122,226|247|230|125|248|204|294|276|83|72
123,226|247|230|125|248|204|294|276|83|72
124,226|247|230|125|248|204|294|276|72|213
125,226|247|230|125|248|204|294|276|83|72
126,226|247|230|125|248|204|294|276|83|72
127,226|247|230|125|248|204|294|276|83|72
128,226|247|230|125|248|204|294|276|83|72
129,226|247|230|125|248|204|294|276|83|72
130,226|247|230|125|248|204|294|276|83|72
131,226|247|230|125|248|204|294|276|83|72
132,226|247|230|125|248|204|294|276|83|213
133,226|247|230|125|248|204|294|276|83|72
134,226|247|230|125|248|204|294|276|83|72
135,226|247|230|125|248|204|294|276|83|72
136,226|247|230|125|248|204|294|276|83|72
137,226|247|230|125|248|204|294|276|83|72
138,226|247|230|125|248|204|294|276|83|72
139,226|247|230|125|248|204|294|276|83|72
140,226|247|230|125|248|204|294|276|83|72
141,226|247|230|125|248|204|294|276|83|213
142,226|247|230|125|248|204|294|276|83|72
143,226|247|230|125|248|204|294|276|83|72
144,226|247|125|248|204|294|276|83|72|213
145,226|247|230|125|248|204|294|276|83|72
146,226|247|230|125|248|204|294|276|83|72
147,226|247|230|125|248|204|294|276|83|72
148,226|247|230|125|248|204|294|276|83|72
149,226|247|230|125|248|204|294|276|83|72
150,226|247|230|125|248|204|294|276|83|72
151,226|247|230|125|248|204|294|276|83|72
152,226|247|230|125|248|204|294|276|83|72
153,226|247|230|125|248|204|294|276|83|72
154,226|247|230|125|248|204|294|276|83|72
155,226|247|230|125|248|204|294|276|83|72
156,226|247|230|125|248|204|294|276|83|72
157,226|247|230|125|248|204|294|276|83|72
158,226|247|230|125|248|204|294|276|83|72
159,226|247|230|125|248|204|294|276|83|72
160,226|247|230|125|248|204|294|276|83|72
161,226|247|230|125|248|204|294|276|83|72
162,226|247|230|125|248|204|294|276|83|72
163,226|247|230|125|248|204|294|276|83|72
164,226|247|230|125|248|204|294|276|83|72
165,226|247|230|125|248|204|294|276|83|72
166,226|247|230|125|248|204|294|276|83|72
167,226|247|230|125|248|204|294|276|83|72
168,226|247|230|125|248|204|294|276|83|72
169,226|247|230|125|248|204|294|276|83|72
170,226|247|230|125|248|204|294|276|83|72
171,226|247|230|125|248|204|294|276|83|72
172,226|230|125|248|204|294|276|83|72|213
173,226|247|230|125|248|204|294|276|83|72
174,226|247|230|125|248|204|294|276|83|72
175,226|247|230|125|248|204|294|276|83|72
176,226|247|230|125|248|204|294|276|83|72
177,226|230|125|248|204|294|276|83|72|213
178,226|247|230|125|248|204|294|276|83|72
179,226|247|230|125|248|204|294|276|83|72
180,226|247|230|125|204|294|276|83|72|213
181,226|247|230|125|248|204|294|276|83|72
182,226|247|230|125|248|204|294|276|83|72
183,226|247|230|125|248|204|294|276|83|72
184,226|247|230|125|248|204|294|276|83|72
185,226|247|230|125|248|276|294|204|83|72
186,226|247|230|125|248|204|294|276|83|72
187,226|247|230|125|248|204|294|276|83|72
188,226|247|230|125|248|204|294|276|83|72
189,226|247|230|125|248|204|294|276|83|72
190,226|247|230|125|248|204|294|276|83|72
191,226|247|230|125|248|204|294|276|83|72
192,226|247|230|125|248|204|294|276|83|72
193,226|247|230|125|248|204|294|276|83|72
194,226|247|230|125|248|204|294|276|83|72
195,226|247|230|125|248|204|294|276|72|83
196,226|247|230|125|248|204|294|276|83|72
197,226|247|230|125|248|204|294|276|83|72
198,226|247|230|125|248|204|294|276|83|72
199,226|247|230|125|248|204|294|276|83|72
200,226|247|230|125|248|204|294|276|83|72
201,226|247|230|125|248|204|294|276|83|72
202,226|247|230|125|248|204|294|276|83|72
203,226|247|230|125|248|204|294|276|83|72
204,226|247|230|125|248|204|294|276|83|72
205,226|247|230|125|248|204|294|276|83|72
206,226|247|230|125|248|204|294|276|83|72
207,226|247|230|125|248|204|294|276|83|72
208,226|247|230|125|248|204|294|276|83|72
209,226|247|230|125|248|204|294|276|83|72
210,226|247|230|125|248|204|294|276|83|72
211,226|247|230|125|248|204|294|276|83|72
212,226|247|230|125|248|204|276|83|72|213
213,226|247|230|125|248|204|294|276|83|72
214,226|247|230|125|248|204|294|276|83|72
215,226|247|230|125|248|204|294|276|83|72
216,226|247|230|125|248|294|204|276|83|72
217,226|247|230|125|248|204|294|276|83|72
218,226|247|230|125|248|204|294|276|83|72
219,226|247|230|125|248|204|294|276|83|72
220,226|247|230|125|248|204|294|276|83|72
221,226|247|230|125|248|204|294|276|83|72
222,226|247|230|125|248|204|294|276|83|72
223,226|247|230|125|248|204|294|276|83|72
224,226|247|230|125|248|204|294|276|83|72
225,226|247|230|125|248|204|294|276|83|72
226,226|247|230|125|248|204|294|276|83|72
227,226|247|230|125|248|204|294|276|83|72
228,226|247|230|248|204|294|276|83|72|213
229,226|247|230|125|248|204|294|276|83|72
230,226|247|230|125|248|204|294|276|83|72
231,226|247|230|125|248|204|294|276|72|213
232,226|247|230|125|248|204|294|276|83|72
233,226|247|230|125|248|204|294|276|83|72
234,226|247|230|125|248|204|294|276|83|72
235,226|247|230|125|248|204|294|276|83|72
236,226|247|230|125|248|204|294|276|83|72
237,226|247|230|125|248|204|294|276|83|72
238,226|247|230|125|248|204|294|276|83|72
239,226|247|230|125|248|204|294|276|83|72
240,226|247|230|125|248|204|294|276|83|72
241,226|247|230|125|248|204|294|276|83|72
242,226|247|230|125|248|204|294|276|83|72
243,226|247|230|125|248|204|276|83|72|213
244,226|247|230|125|248|204|294|276|83|72
245,226|247|230|125|248|204|294|276|83|72
246,226|247|230|125|248|204|294|276|83|72
247,226|247|230|125|248|204|294|276|83|72
248,226|247|230|125|248|204|294|276|83|72
249,226|247|230|125|248|204|294|276|83|72
250,226|247|230|125|248|204|294|276|83|72
251,226|247|230|125|248|204|294|276|83|72
252,226|247|230|125|248|204|294|276|83|72
253,226|247|230|125|248|204|294|276|83|72
254,226|247|230|125|248|204|294|276|83|72
255,226|247|230|125|248|204|294|276|83|72
256,226|247|230|125|248|204|294|276|83|72
257,226|247|230|125|248|204|294|276|83|72
258,226|247|230|125|248|204|294|276|83|72
259,226|247|230|125|248|204|294|276|83|72
260,226|247|230|125|248|204|294|83|72|213
261,226|247|230|125|248|204|294|276|83|72
262,226|247|230|125|248|204|294|276|83|72
263,226|247|230|125|248|204|294|276|83|72
264,247|230|125|248|204|294|276|83|72|213
265,226|247|230|125|248|204|294|276|83|72
266,226|247|230|125|248|204|294|276|83|72
267,226|247|230|125|248|294|276|83|72|213
268,226|247|230|125|248|204|294|276|83|72
269,226|247|230|125|248|204|294|276|83|72
270,226|247|230|125|248|204|294|276|83|72
271,226|247|230|125|248|204|294|276|83|72
272,226|247|230|125|248|204|294|276|83|72
273,226|247|230|125|248|204|294|276|83|72
274,226|247|230|125|248|204|294|276|83|72
275,226|247|230|125|248|204|294|276|83|72
276,226|247|230|125|248|204|294|276|83|72
277,226|247|230|125|248|204|294|83|72|165
278,226|247|230|125|248|204|294|276|83|72
279,226|247|230|125|248|204|294|276|83|213
280,226|247|230|125|248|204|294|276|83|72
281,226|247|230|125|248|204|294|276|83|72
282,226|247|230|125|248|204|294|276|83|72
283,226|247|230|125|248|204|294|276|83|72
284,226|247|230|248|204|294|276|83|72|213
285,226|247|230|125|248|204|294|276|83|72
286,226|247|230|125|248|204|294|276|83|72
287,226|247|230|125|248|204|294|276|83|72
288,226|247|230|125|248|204|294|276|83|72
289,247|230|125|248|204|276|83|165|74|132
290,226|247|230|125|248|204|294|276|83|72
291,226|247|230|125|248|204|294|276|83|72
292,226|247|230|125|248|204|294|276|83|72
293,226|247|230|125|248|204|294|276|83|72
294,226|247|125|248|204|294|276|83|72|213
295,226|247|230|125|248|204|294|276|72|83
296,226|247|230|125|248|204|294|276|83|72
297,226|247|230|125|248|204|294|276|83|72
298,226|247|230|125|248|204|294|276|83|72
299,226|247|230|125|248|204|294|276|83|72
300,226|247|230|125|248|294|276|83|72|213
301,226|247|230|125|248|204|294|276|83|72
302,226|247|230|125|248|204|294|276|83|72
303,226|247|230|125|248|204|294|276|83|72
304,226|247|230|125|248|204|294|276|83|72
305,226|247|230|125|248|204|294|276|83|72
306,226|247|230|125|248|204|294|276|83|72
307,226|247|230|125|248|204|294|276|83|72
308,226|247|230|125|248|204|294|276|83|72
309,226|247|230|125|248|204|294|276|83|72
310,226|247|230|125|248|204|294|276|83|72
311,226|247|230|125|248|204|294|276|72|83
312,226|247|230|125|248|204|294|276|83|72
313,226|247|230|125|248|204|294|276|83|72
314,226|247|230|125|248|204|294|276|83|72
315,226|247|230|125|248|204|294|276|83|72
316,226|247|230|125|248|204|294|276|83|72
317,226|247|230|125|248|204|294|276|83|72
318,226|247|230|125|248|204|294|276|83|72
319,226|247|230|125|248|204|294|276|83|72
320,226|247|230|125|248|204|294|276|83|72
321,226|247|230|125|248|204|294|276|83|72
322,226|247|230|125|248|204|294|276|83|72
323,226|247|230|125|248|204|294|276|83|72
324,226|247|230|125|248|204|294|276|83|72
325,226|247|230|125|248|204|294|276|83|72
326,226|247|230|125|248|204|294|276|83|72
327,226|247|230|125|248|204|294|276|83|72
328,226|247|230|125|248|204|294|276|83|72
329,226|247|230|125|248|204|294|276|83|72
330,226|247|230|125|248|204|294|276|83|72
331,226|247|230|125|248|204|294|276|83|72
332,226|247|230|125|248|204|294|276|83|72
333,226|247|230|125|248|204|294|276|83|72
334,226|247|230|125|248|204|294|276|72|83
335,226|247|230|125|248|204|294|276|83|72
336,226|247|230|125|248|204|294|276|83|72
337,226|247|230|125|248|204|294|276|83|72
338,226|247|230|125|248|204|294|276|83|72
339,226|247|230|125|248|204|294|276|83|72
340,226|247|230|125|248|204|294|276|83|72
341,226|247|230|125|248|204|294|276|83|72
342,226|247|230|125|248|204|294|276|83|72
343,226|247|230|125|248|204|294|276|83|72
344,226|247|230|125|248|204|294|276|83|72
345,226|247|230|125|248|204|294|276|83|72
346,226|247|230|125|248|204|294|276|83|72
347,226|247|230|125|248|204|294|276|83|72
348,226|247|230|125|248|204|294|276|83|72
349,226|247|230|125|248|204|294|276|72|83
350,226|247|230|125|248|204|294|276|83|72
351,226|247|230|125|248|204|294|276|83|72
352,226|247|230|125|248|204|294|276|83|72
353,226|247|230|125|248|204|294|276|83|72
354,226|247|230|125|248|204|294|276|83|72
355,226|247|230|125|248|204|294|276|83|72
356,226|247|230|125|248|204|294|276|83|72
357,226|247|230|125|248|204|294|276|83|72
358,226|247|230|125|248|204|276|83|72|213
359,226|247|230|125|248|204|294|276|83|72
360,226|247|230|125|248|204|294|276|83|72
361,226|247|230|125|248|204|294|276|83|72
362,226|247|230|125|248|204|294|276|83|72
363,226|247|230|125|248|204|294|276|83|72
364,226|247|230|125|248|204|294|276|83|72
365,226|247|230|125|248|204|294|276|83|72
366,226|247|230|125|248|204|294|276|83|72
367,226|247|230|125|248|204|294|276|83|72
368,226|247|230|125|248|204|294|276|83|72
369,226|247|230|125|248|204|294|276|83|72
370,226|247|230|125|248|204|294|276|83|72
371,247|230|125|248|204|294|276|83|72|165
372,226|247|230|125|248|204|294|276|83|72
373,226|247|230|125|248|204|294|276|83|72
374,226|247|230|125|248|204|294|276|83|72
375,226|247|230|125|248|204|294|276|83|72
376,226|247|230|125|204|294|276|83|72|213
377,226|247|230|125|248|204|294|276|83|72
378,226|247|230|125|248|204|294|276|83|72
379,226|247|230|125|248|204|294|276|72|83
380,226|247|230|125|248|204|294|276|83|72
381,226|247|230|125|248|204|294|276|83|72
382,226|247|230|125|248|204|294|276|83|72
383,247|230|125|248|204|294|276|83|72|165
384,226|247|230|125|248|204|294|276|83|72
385,226|247|230|125|248|204|294|276|83|72
386,226|247|230|125|248|204|294|276|83|72
387,226|247|230|125|248|204|294|276|83|72
388,226|247|230|125|248|294|204|276|83|72
389,226|247|230|125|248|204|294|276|83|72
390,226|247|230|125|248|204|294|276|83|72
391,226|247|230|125|248|204|294|276|83|72
392,226|247|230|125|248|204|294|276|83|72
393,226|247|230|125|248|204|294|276|83|72
394,226|247|230|125|248|204|294|276|83|72
395,226|247|230|125|248|204|294|276|83|72
396,226|247|230|125|248|204|294|276|83|213
397,226|247|230|125|248|204|294|276|83|72
398,226|247|230|125|248|204|294|276|83|72
399,226|247|230|125|248|294|276|83|72|213
400,226|247|230|125|248|204|294|276|83|72
401,226|247|230|125|248|204|294|276|83|72
402,226|247|230|125|248|204|294|276|83|72
403,226|247|230|125|248|204|294|276|83|72
404,226|247|230|125|248|204|294|276|83|72
405,226|247|230|125|248|204|294|276|83|72
406,226|247|230|125|248|204|294|276|83|72
407,226|247|230|125|248|204|294|276|83|72
408,226|247|230|125|248|204|294|276|83|213
409,226|247|230|125|248|204|294|276|83|72
410,226|247|230|125|248|204|294|276|83|72
411,226|247|230|125|248|204|294|276|83|72
412,226|247|230|125|248|204|294|276|83|72
413,226|247|230|125|248|204|294|276|83|72
414,226|247|230|125|248|204|294|276|83|72
415,226|247|230|125|248|204|294|276|83|72
416,226|247|230|125|248|204|294|276|83|72
417,226|247|230|125|248|204|294|276|83|72
418,226|247|230|125|248|204|294|276|83|72
419,226|247|230|125|248|204|294|276|83|72
420,226|247|230|125|248|204|294|276|83|72
421,226|247|230|125|248|204|294|276|83|72
422,226|247|230|125|248|204|294|276|83|72
423,226|247|230|125|248|204|294|276|83|72
424,226|247|230|125|248|294|204|276|83|72
425,226|247|230|125|248|204|294|276|83|72
426,226|247|230|125|248|204|294|276|83|72
427,226|247|230|125|248|204|294|276|83|72
428,226|247|230|125|248|204|294|276|83|72
429,226|247|230|125|248|204|294|276|83|72
430,226|247|230|125|248|204|294|276|83|72
431,226|247|230|125|248|204|294|276|83|72
432,226|247|230|125|248|204|294|276|83|72
433,226|247|230|125|248|204|294|276|83|72
434,226|247|230|125|248|204|294|276|83|72
435,226|247|230|125|248|204|294|276|83|72
436,226|247|230|125|248|204|294|276|83|72
437,226|247|230|125|248|204|294|276|83|72
438,226|247|230|125|248|204|294|276|83|72
439,226|247|230|125|248|204|294|276|83|72
440,226|247|230|125|248|204|294|276|83|72
441,226|247|230|125|248|204|294|276|83|72
442,226|247|230|125|248|204|294|276|83|72
443,226|247|230|125|248|204|294|276|83|72
444,247|230|125|248|204|294|276|83|72|213
445,226|247|230|125|248|204|294|276|83|72
446,226|247|230|125|248|204|294|276|83|72
447,226|247|230|125|248|204|294|276|83|72
448,226|247|230|125|248|204|294|276|83|72
449,226|247|230|125|248|204|294|83|72|213
450,226|247|230|125|248|204|294|276|83|72
451,226|247|230|125|248|204|294|276|83|72
452,226|247|125|248|204|294|276|83|72|213
453,226|247|230|125|248|204|294|276|83|72
454,226|247|230|125|248|204|294|276|83|72
455,226|247|230|125|248|204|294|276|83|72
456,226|247|230|125|248|204|294|276|83|72
457,226|247|230|125|248|204|294|276|83|72
458,226|247|230|125|248|204|294|276|83|72
459,226|247|230|125|248|204|294|276|83|72
460,226|247|230|125|248|204|294|276|83|72
461,226|247|230|125|248|204|294|276|83|72
462,247|230|125|248|204|294|276|83|72|165
463,226|247|230|125|248|204|294|276|83|72
464,226|247|230|125|248|204|294|276|83|72
465,226|247|230|125|248|204|294|276|83|72
466,226|247|230|125|248|204|294|276|83|72
467,226|247|230|125|248|204|294|276|83|72
468,226|247|230|125|248|204|294|276|83|72
469,226|247|230|125|248|204|294|276|83|72
470,226|247|230|125|248|204|294|276|83|72
471,226|247|230|125|248|204|294|276|83|72
472,226|247|230|125|248|204|294|276|83|72
473,226|247|230|125|248|204|294|276|83|72
474,226|247|230|125|248|204|294|276|83|72
475,226|247|230|125|248|204|294|276|83|72
476,226|247|230|125|248|204|294|276|83|72
477,226|247|230|125|248|204|294|276|83|72
478,226|247|230|125|248|204|294|276|83|72
479,226|247|230|125|248|204|294|276|83|72
480,226|247|230|125|248|204|294|276|83|72
481,226|247|230|125|248|204|294|276|83|72
482,226|247|230|125|248|204|294|276|83|72
483,226|247|230|125|248|204|294|276|83|72
484,226|247|230|125|248|204|294|276|83|72
485,226|247|230|125|248|204|276|83|72|213
486,226|247|230|125|248|204|294|276|83|72
487,226|247|230|125|248|204|294|276|83|72
488,226|247|230|125|248|294|204|276|83|72
489,226|247|230|248|204|294|276|83|72|213
490,226|247|230|125|248|204|294|276|83|72
491,226|247|230|125|248|204|294|276|83|72
492,226|247|230|125|248|204|294|276|83|72
493,226|247|230|125|248|204|294|276|83|72
494,226|247|230|125|248|204|294|276|83|72
495,226|247|230|125|204|294|276|83|72|213
496,226|247|230|125|248|204|294|276|83|72
497,226|247|230|125|248|204|294|276|83|72
498,226|247|230|125|248|204|294|276|83|72
499,226|247|230|125|248|204|294|276|83|72
500,226|247|230|125|248|204|294|276|83|72
501,226|247|230|125|248|204|294|276|83|72
502,226|247|230|125|248|204|294|276|83|72
503,226|247|230|125|248|204|294|276|83|72
504,226|247|230|125|248|204|294|276|83|72
505,226|247|230|125|248|204|294|276|83|72
506,226|247|230|125|248|204|294|276|72|83
507,226|247|230|125|248|204|294|276|83|72
508,226|247|230|125|248|204|294|276|83|72
509,226|247|230|125|248|204|294|276|83|213
510,226|247|230|125|248|204|294|276|83|72
511,226|247|230|125|248|204|294|276|83|72
512,226|247|230|248|204|294|276|83|72|213
513,226|247|230|125|248|204|294|276|83|72
514,226|247|230|125|248|204|294|276|83|72
515,226|247|230|125|248|204|294|276|83|72
516,226|247|230|125|248|204|294|276|83|72
517,226|247|125|204|294|276|83|72|213|165
518,226|247|230|125|248|204|294|276|83|72
519,226|247|230|125|248|204|294|276|83|72
520,226|247|230|125|248|204|294|276|83|72
521,226|247|230|125|248|204|294|276|83|72
522,226|247|230|125|248|204|294|276|83|72
523,226|247|230|125|248|204|294|276|83|72
524,226|247|230|125|248|294|204|276|83|72
525,226|247|230|125|248|204|294|276|83|72
526,226|247|230|125|248|204|294|276|83|72
527,226|247|230|125|248|204|294|276|83|72
528,226|247|230|125|248|204|294|276|83|72
529,226|247|230|125|248|204|294|276|83|72
530,226|247|230|125|248|204|294|276|83|72
531,226|247|230|125|248|204|294|276|83|72
532,226|247|230|125|248|204|294|276|83|72
533,226|247|230|125|248|204|294|276|83|72
534,226|247|230|125|248|204|294|276|83|72
535,226|247|230|125|248|204|294|276|83|72
536,226|247|230|125|248|204|294|276|83|72
537,226|247|230|125|248|204|294|276|83|72
538,226|247|230|125|248|204|294|276|83|72
539,226|247|230|125|248|204|294|276|83|72
540,226|247|230|125|248|204|294|276|83|72
541,226|247|230|125|248|204|294|276|83|72
542,226|230|125|248|204|294|276|83|72|213
543,226|247|230|125|248|204|294|276|83|72
544,226|247|230|125|248|204|294|276|83|72
545,226|247|230|125|248|204|294|276|83|72
546,226|247|230|125|248|204|294|276|83|72
547,226|247|230|125|248|204|294|276|83|72
548,226|247|230|125|248|204|294|276|83|72
549,226|247|230|125|248|204|294|276|83|72
550,226|247|230|125|248|204|294|276|83|72
551,226|247|230|125|248|204|294|276|83|72
552,226|247|230|125|248|204|294|276|83|72
553,226|247|230|125|248|204|294|276|83|72
554,226|247|230|125|248|204|294|276|83|72
555,226|247|230|125|248|204|294|276|83|72
556,226|247|230|125|248|204|294|276|83|72
557,226|247|230|125|248|294|204|276|72|83
558,226|247|230|125|248|204|294|276|83|72
559,226|247|230|125|248|204|294|276|83|72
560,226|247|230|125|248|204|294|276|83|72
561,226|247|230|125|248|204|294|276|83|72
562,226|247|230|125|248|204|294|276|83|72
563,226|247|230|125|248|204|294|276|83|72
564,226|247|230|125|248|294|204|276|83|72
565,226|247|230|125|248|204|294|276|83|72
566,226|247|230|125|248|204|294|276|83|72
567,226|247|230|125|248|204|294|276|83|72
568,226|247|230|125|248|204|294|276|83|72
569,226|247|230|125|248|204|294|276|83|72
570,226|247|230|125|248|204|294|276|83|72
571,226|247|230|125|248|204|294|276|83|72
572,226|247|230|125|248|204|294|276|83|72
573,226|247|230|125|248|204|294|276|83|72
574,226|247|230|125|248|204|294|276|83|72
575,226|247|230|125|248|204|294|276|83|72
576,226|247|230|125|248|204|294|276|83|72
577,226|247|230|125|248|204|294|276|83|72
578,226|247|125|248|204|294|276|83|72|213
579,226|247|230|125|248|204|294|276|83|72
580,226|247|230|125|248|204|294|276|83|72
581,226|247|230|125|248|204|294|276|83|72
582,226|247|230|125|248|204|294|276|83|72
583,226|247|230|125|248|204|294|276|72|83
584,226|247|230|125|248|204|294|276|83|72
585,226|247|230|125|248|204|294|276|83|72
586,226|247|230|125|248|204|294|276|72|83
587,226|247|230|125|248|204|294|276|83|72
588,226|247|230|125|248|204|294|276|83|72
589,226|247|230|125|248|204|294|276|83|72
590,226|247|230|125|248|204|294|276|83|72
591,226|247|230|125|248|204|294|276|72|83
592,226|247|230|125|248|204|294|276|83|72
593,226|247|230|125|248|204|294|276|83|72
594,226|247|230|125|248|204|294|276|83|72
595,226|247|230|125|248|204|294|276|83|72
596,226|247|230|125|248|204|294|276|83|72
597,226|247|230|125|248|204|294|276|83|72
598,226|247|230|125|248|204|294|276|83|72
599,226|247|230|125|248|204|294|276|83|72
600,226|247|230|125|248|204|294|276|83|72
601,226|247|230|125|248|204|294|276|83|72
602,226|247|230|125|248|204|294|276|83|72
603,226|247|230|125|248|204|294|276|83|72
604,226|247|230|125|248|204|294|276|83|72
605,226|247|230|125|248|204|294|276|83|72
606,226|247|230|125|248|204|294|276|83|72
607,226|247|230|125|248|204|294|276|83|213
608,226|247|230|125|248|204|294|276|83|72
609,247|230|125|248|204|294|276|83|72|165
610,226|247|230|125|248|204|294|276|83|72
611,226|247|230|125|248|204|276|83|72|213
612,226|247|230|125|248|204|294|276|83|72
613,226|247|230|125|248|204|294|276|83|72
614,226|247|230|125|248|204|294|276|83|72
615,226|247|230|125|248|204|294|276|83|72
616,226|247|230|125|248|204|294|276|83|72
617,226|247|230|125|248|204|294|276|83|72
618,226|247|230|125|248|204|294|276|83|72
619,226|247|230|125|248|204|294|276|83|72
620,226|247|230|125|248|204|294|276|83|72
621,226|247|230|125|248|204|294|276|83|72
622,226|247|230|125|248|204|294|276|83|72
623,226|247|230|125|248|204|294|276|83|72
624,226|247|230|125|248|204|294|276|83|72
625,226|247|230|125|248|204|294|276|72|83
626,226|247|230|125|248|204|294|276|83|72
627,226|247|230|125|248|204|294|276|72|83
628,226|247|230|125|248|204|294|276|83|72
629,226|247|230|125|248|204|294|276|83|72
630,226|247|230|125|248|204|294|276|83|72
631,226|247|230|125|248|204|294|276|83|72
632,226|247|230|125|248|204|294|276|83|72
633,226|247|230|125|248|204|294|276|83|72
634,226|247|230|125|248|204|294|276|83|72
635,226|247|230|125|248|204|294|276|83|72
636,226|247|230|125|248|204|294|276|83|72
637,226|247|230|125|248|204|294|276|83|72
638,226|247|230|125|248|204|294|276|83|72
639,226|247|230|125|248|204|294|276|83|72
640,226|247|230|125|248|204|294|276|83|72
641,226|247|230|125|248|204|294|276|83|72
642,226|247|230|125|248|204|294|276|83|72
643,226|247|230|125|248|204|294|276|83|72
644,226|247|230|125|248|204|294|276|83|72
645,226|247|230|125|248|204|294|276|83|72
646,226|247|230|125|248|204|294|276|83|72
647,226|247|230|125|248|204|294|276|83|72
648,226|247|230|125|248|204|294|276|83|72
649,226|247|230|125|248|204|294|276|83|72
650,226|247|230|125|248|204|294|276|83|72
651,226|247|230|125|248|204|294|276|83|72
652,226|247|230|125|248|204|294|276|83|72
653,226|247|230|125|248|204|294|276|83|72
654,226|247|230|125|248|204|294|276|83|72
655,226|247|230|125|248|204|294|276|83|72
656,226|247|230|125|248|204|294|276|83|72
657,226|247|230|125|248|204|294|276|83|72
658,226|247|230|125|248|204|294|276|83|72
659,226|247|230|125|248|204|294|276|83|72
660,226|247|230|125|248|204|294|276|83|72
661,226|247|230|125|248|204|294|276|83|72
662,226|247|230|125|248|204|294|276|83|72
663,226|247|230|125|248|204|294|276|83|72
664,226|247|230|125|248|204|294|276|83|72
665,226|247|230|125|248|204|294|276|83|72
666,226|247|230|125|248|204|294|276|83|72
667,226|247|230|125|248|204|294|276|83|72
668,226|247|230|125|248|204|294|276|83|72
669,226|247|230|125|248|204|294|276|83|72
670,226|247|230|125|248|204|294|276|83|72
671,226|230|125|248|294|204|276|83|72|213
672,226|247|230|125|248|204|294|276|83|72
673,226|247|230|125|248|204|294|276|83|72
674,226|247|230|125|248|204|294|276|83|72
675,226|247|230|125|248|204|294|276|83|72
676,226|247|230|125|248|294|276|83|72|213
677,226|247|230|125|248|204|294|276|83|72
678,226|247|230|125|248|204|294|276|83|72
679,247|230|125|248|204|294|276|83|72|165
680,226|247|230|125|248|204|294|276|83|72
681,226|247|230|125|248|204|294|276|83|72
682,226|247|230|125|248|204|294|276|83|72
683,226|247|230|125|248|204|294|276|83|72
684,226|247|230|125|248|204|294|83|72|213
685,226|247|230|125|248|204|294|276|72|83
686,226|247|230|125|248|204|294|276|83|72
687,226|247|230|125|248|204|294|276|83|72
688,226|247|230|125|248|204|294|276|83|72
689,226|247|230|125|248|204|294|276|83|72
690,226|247|230|125|248|204|294|276|83|72
691,226|247|230|125|248|294|204|276|83|72
692,226|247|230|125|248|204|294|276|83|72
693,226|247|230|125|248|204|294|276|83|72
694,226|247|230|125|248|204|294|276|72|83
695,226|247|230|125|248|204|294|276|83|213
696,226|247|230|125|248|204|294|276|83|72
697,226|230|125|248|204|294|276|83|72|213
698,226|247|230|125|248|204|294|276|83|72
699,226|247|230|125|248|204|294|276|83|72
700,226|247|230|125|248|204|294|276|83|72
701,226|247|230|125|248|204|294|276|83|72
702,226|247|230|125|248|204|294|276|83|72
703,226|247|230|125|248|204|294|276|83|72
704,226|247|230|125|248|204|294|276|83|72
705,226|247|230|125|248|204|294|276|83|72
706,226|247|230|125|248|204|294|276|83|72
707,226|247|230|125|248|204|294|276|83|72
708,226|247|230|125|248|204|294|276|83|72
709,226|247|230|125|248|204|294|276|83|72
710,226|247|230|125|248|204|294|276|83|72
711,226|247|230|125|248|204|276|294|83|213
712,226|247|230|125|248|204|294|276|83|72
713,226|247|230|125|248|204|294|276|83|72
714,226|247|230|125|248|204|294|276|83|72
715,226|247|230|125|248|204|294|276|83|72
716,226|247|230|125|248|204|294|276|83|72
717,226|247|230|125|248|204|294|276|83|72
718,226|247|230|125|248|204|294|276|83|72
719,226|247|230|125|248|204|294|276|83|72
720,226|247|230|125|248|204|294|276|83|72
721,226|247|230|125|248|204|294|276|83|72
722,226|247|230|125|248|204|294|276|83|72
723,226|247|230|125|248|204|294|276|72|83
724,226|247|230|125|248|204|294|276|83|72
725,226|247|230|125|248|204|294|276|83|72
726,226|247|230|125|248|294|276|83|72|213
727,226|247|230|125|248|204|294|276|83|165
728,226|247|230|125|248|204|294|276|83|72
729,226|247|230|125|248|294|204|276|83|72
730,226|247|230|125|248|204|294|276|83|72
731,226|247|230|125|248|204|294|276|83|72
732,226|247|230|125|248|204|294|276|83|72
733,226|247|230|125|248|204|294|276|83|72
734,226|247|230|125|248|204|294|276|83|72
735,226|247|230|125|248|204|294|276|83|72
736,226|247|230|125|248|204|294|276|83|72
737,226|247|230|125|248|204|294|276|83|72
738,226|247|230|125|248|204|294|276|83|72
739,226|247|230|125|248|204|294|276|83|72
740,226|247|230|125|248|204|294|276|83|72
741,247|230|125|248|204|294|276|83|72|213
742,226|247|230|125|248|204|294|276|83|72
743,226|247|230|125|248|204|294|276|83|72
744,226|247|230|125|248|204|294|276|83|72
745,226|247|230|125|248|204|294|276|83|213
746,226|247|230|125|248|204|294|276|83|72
747,226|247|230|125|248|204|294|276|83|72
748,226|247|230|125|248|204|294|276|83|72
749,226|247|230|125|248|204|294|276|83|72
750,226|247|230|125|248|204|294|276|83|72
751,226|247|230|125|248|204|294|276|83|72
752,226|247|230|125|248|204|294|276|83|72
753,226|247|230|125|248|204|294|276|83|72
754,226|247|230|125|248|204|294|276|83|72
755,226|247|230|125|248|204|294|276|83|72
756,226|247|230|125|248|204|294|276|83|72
757,226|247|230|125|248|204|294|276|83|72
758,226|247|230|125|248|204|294|276|83|72
759,226|247|230|125|248|204|294|276|83|72
760,226|247|230|125|248|204|294|276|83|72
761,226|247|230|125|248|204|294|276|83|72
762,226|247|230|125|248|204|294|276|83|72
763,226|247|230|125|248|204|294|276|83|72
764,226|247|230|125|248|204|294|276|83|72
765,226|247|230|125|248|204|294|276|83|72
766,226|247|230|125|248|204|294|276|83|72
767,226|247|230|125|248|204|294|276|83|72
768,226|247|230|125|248|204|294|276|83|72
769,226|247|230|125|248|204|294|276|83|72
770,226|247|230|125|248|204|294|276|83|72
771,226|247|230|125|248|204|294|276|83|72
772,226|247|230|125|248|204|294|276|83|72
773,226|247|230|125|248|204|294|276|83|72
774,226|247|230|125|248|204|294|276|83|72
775,226|230|125|248|204|294|276|83|72|213
776,226|247|230|125|248|204|294|276|83|72
777,226|247|230|125|248|204|294|276|83|72
778,226|247|230|125|248|204|294|276|83|72
779,226|247|230|125|248|204|294|276|83|72
780,226|247|230|125|248|204|294|276|83|72
781,226|247|230|125|248|204|294|276|83|72
782,226|247|230|125|248|204|294|276|83|72
783,226|247|230|125|248|204|294|276|72|83
784,226|247|230|125|248|204|294|276|83|72
785,226|247|230|125|248|204|294|276|83|72
786,226|247|230|125|248|204|294|276|83|72
787,226|247|230|125|248|204|294|276|83|72
788,247|230|125|248|204|294|276|83|72|165
789,226|247|230|125|248|204|294|276|83|72
790,226|247|230|125|248|204|276|83|72|213
791,226|230|125|248|204|294|276|83|72|213
792,226|247|230|125|248|204|294|276|83|72
793,226|247|230|125|248|204|294|276|72|213
794,226|247|230|125|248|204|294|276|83|72
795,247|230|125|248|204|294|276|83|72|165
796,226|247|230|125|248|204|294|276|83|72
797,226|247|230|125|248|204|294|276|83|72
798,226|247|230|125|248|204|294|276|72|83
799,226|247|230|125|248|204|294|276|83|72
800,247|230|125|248|204|294|276|83|72|165
801,226|247|230|125|248|204|294|276|83|72
802,226|247|230|125|248|204|294|276|83|72
803,226|247|230|125|248|204|294|276|83|72
804,226|247|230|125|248|204|294|276|83|72
805,226|247|230|125|248|204|294|276|83|72
806,226|247|230|125|248|204|276|83|72|213
807,226|247|230|125|248|204|294|276|83|72
808,226|247|230|125|248|204|294|276|83|72
809,226|247|230|125|248|204|294|276|83|72
810,226|247|230|125|248|204|294|276|72|83
811,226|247|230|125|248|204|294|276|83|72
812,226|247|230|125|248|204|294|276|83|72
813,226|247|230|125|248|204|294|276|83|72
814,226|247|230|125|248|204|294|276|83|72
815,226|247|230|125|248|204|294|276|83|72
816,226|247|230|125|248|204|294|276|83|72
817,226|247|230|125|248|204|294|276|83|72
818,226|247|230|125|248|204|294|276|83|72
819,226|247|230|125|248|204|294|276|83|72
820,226|247|230|125|248|204|294|276|83|72
821,226|247|230|125|248|204|294|276|83|72
822,226|247|230|125|248|204|294|276|83|72
823,226|247|230|125|248|204|294|276|83|72
824,226|247|230|125|248|204|294|276|83|72
825,226|247|230|125|248|204|294|276|83|72
826,226|247|230|125|248|204|294|276|83|72
827,226|247|230|125|248|204|294|276|83|72
828,226|247|230|125|248|204|294|276|83|72
829,226|247|230|125|248|204|294|276|83|72
830,226|247|230|125|248|204|294|276|83|72
831,226|247|230|125|248|294|204|276|83|72
832,226|247|230|125|248|204|294|276|83|72
833,226|247|230|125|248|204|294|276|83|72
834,226|247|230|125|248|204|294|276|83|72
835,226|247|230|125|248|204|294|276|83|72
836,226|247|230|125|248|204|294|276|83|72
837,226|247|230|125|248|204|294|276|83|72
838,226|247|230|125|248|204|294|276|83|72
839,226|247|230|125|248|204|294|276|83|72
840,226|247|230|125|248|204|294|276|83|72
841,226|247|230|125|248|204|294|276|83|72
842,226|247|230|125|248|204|294|276|83|72
843,226|247|230|125|248|204|294|276|83|72
844,226|247|230|125|248|204|294|276|83|72
845,226|247|230|125|248|204|294|276|83|72
846,226|247|230|125|248|204|294|276|83|72
847,226|247|230|125|248|204|294|276|83|72
848,226|247|230|125|248|204|294|276|83|72
849,226|247|230|125|248|204|294|276|83|72
850,226|247|230|125|248|204|294|276|83|72
851,226|247|230|125|248|204|294|276|83|72
852,226|247|230|125|248|204|294|276|83|72
853,226|247|230|125|248|204|294|276|83|72
854,226|247|230|125|248|204|294|276|83|72
855,226|247|125|248|204|294|276|83|213|165
856,226|247|230|125|248|204|294|276|83|72
857,226|247|230|125|248|204|294|276|83|213
858,226|247|230|125|248|204|294|276|83|72
859,226|247|230|125|248|204|294|276|83|72
860,226|247|230|125|248|204|294|276|83|72
861,226|247|230|125|248|294|204|276|83|72
862,226|247|230|125|248|294|204|276|83|72
863,226|247|230|125|248|204|294|276|83|72
864,226|247|230|125|248|204|294|276|83|72
865,226|247|230|125|248|204|294|276|83|72
866,226|247|230|125|248|204|294|276|83|72
867,226|247|230|125|248|204|294|276|83|72
868,226|230|125|248|204|294|276|83|72|213
869,226|247|230|125|248|204|294|276|83|72
870,226|247|230|125|248|204|294|276|83|72
871,226|247|230|125|248|204|294|276|83|72
872,226|247|230|125|248|204|294|276|83|72
873,226|247|230|125|248|204|294|276|83|72
874,226|247|230|125|248|204|294|276|83|72
875,226|247|230|125|248|204|294|276|83|72
876,226|247|230|125|248|204|294|276|83|72
877,226|247|230|125|248|204|294|276|83|72
878,226|247|230|125|248|204|294|276|83|72
879,226|247|230|125|248|294|276|83|72|213
880,226|247|230|125|248|204|294|276|83|72
881,226|247|230|125|248|204|294|276|83|72
882,226|247|230|125|248|204|294|276|83|72
883,226|247|230|125|248|204|294|276|83|72
884,226|247|230|125|248|204|294|276|83|72
885,226|247|230|125|248|204|294|276|83|72
886,226|247|230|125|248|204|294|276|83|72
887,226|247|230|125|248|204|294|276|83|72
888,226|247|230|125|248|204|294|276|83|72
889,226|247|230|125|248|204|294|276|83|72
890,226|247|230|125|248|204|294|276|83|72
891,226|247|230|125|248|204|294|276|83|72
892,226|247|230|125|248|204|294|276|83|72
893,226|247|230|125|248|204|294|276|83|165
894,226|247|230|125|248|204|294|276|83|72
895,226|247|230|125|248|204|294|276|83|72
896,226|247|230|125|248|204|294|276|83|72
897,226|247|230|125|248|204|294|276|83|72
898,226|247|230|125|248|204|294|276|83|72
899,226|247|230|125|248|204|294|276|83|72
900,226|247|230|125|248|204|294|276|83|72
901,226|247|230|125|248|204|294|276|83|72
902,226|247|230|125|248|204|294|276|83|72
903,226|247|230|125|248|204|294|276|83|72
904,226|247|230|125|248|204|294|276|83|72
905,226|247|230|125|248|204|294|276|83|213
906,226|247|230|125|248|204|294|276|83|72
907,247|230|125|248|204|294|276|83|72|165
908,226|247|230|125|248|204|294|276|83|72
909,226|247|230|125|248|204|294|276|83|72
910,226|247|230|125|248|204|294|276|83|72
911,226|247|230|125|248|294|204|276|83|72
912,226|247|230|125|248|204|294|276|83|72
913,226|247|230|125|248|204|294|276|83|72
914,226|247|230|125|248|204|294|276|83|72
915,226|247|230|125|248|204|294|276|83|72
916,226|247|230|125|248|204|294|276|83|72
917,226|247|230|125|248|204|294|276|83|72
918,226|247|230|125|248|204|294|276|83|72
919,226|247|230|125|248|204|294|276|83|72
920,226|247|230|125|248|204|294|276|83|72
921,226|247|230|125|248|204|294|276|83|72
922,226|247|230|125|248|204|294|276|83|72
923,226|247|230|125|248|204|294|276|83|72
924,226|247|230|125|248|204|294|276|83|72
925,226|247|230|125|248|204|294|276|83|72
926,226|247|230|125|248|204|294|276|83|72
927,226|247|230|125|248|204|294|276|83|72
928,226|247|230|125|248|204|294|276|83|72
929,226|247|230|125|248|204|294|276|83|72
930,226|247|230|125|248|204|294|276|83|72
931,226|247|230|125|248|204|294|276|83|72
932,226|247|230|125|248|204|294|276|83|72
933,226|247|230|125|248|204|294|276|83|72
934,226|247|230|125|248|204|294|276|83|72
935,226|247|230|125|248|204|294|276|83|72
936,226|230|125|248|294|204|276|83|72|213
937,226|247|230|125|248|204|294|276|83|72
938,226|247|230|125|248|204|294|276|83|72
939,226|247|230|125|248|204|294|276|83|72
940,226|247|230|125|248|204|294|276|83|72
941,226|247|230|125|248|204|294|276|83|72
942,226|247|230|125|248|204|294|276|83|72
943,247|230|125|248|204|294|276|213|83|72
944,226|247|230|125|248|204|294|276|83|72
945,226|247|230|125|248|204|294|276|83|72
946,226|247|230|125|248|204|294|276|83|72
947,226|247|230|125|248|204|294|276|83|72
948,226|247|230|125|248|204|294|276|83|72
949,226|247|230|125|248|204|294|276|83|72
950,226|247|230|125|248|204|294|276|83|72
951,226|247|230|125|248|204|294|276|83|72
952,226|247|230|125|248|204|294|276|83|72
953,226|247|230|125|248|204|294|276|83|72
954,226|247|230|125|248|204|294|276|83|72
955,226|247|230|125|248|204|294|276|83|72
956,226|247|230|125|248|204|294|276|83|72
957,226|247|230|125|248|204|294|276|83|72
958,226|247|230|125|248|204|294|276|83|72
959,226|247|230|125|248|204|294|276|83|72
960,226|247|230|125|248|204|294|276|83|72
961,226|247|230|125|248|294|204|276|83|72
962,226|247|230|125|248|204|294|276|83|72
963,226|247|230|125|248|204|294|276|83|72
964,226|247|230|125|248|204|294|276|83|72
965,226|247|230|125|248|204|294|276|83|72
966,226|247|230|125|248|204|294|276|72|83
967,226|247|230|125|248|204|294|276|83|72
968,226|247|230|125|248|204|294|276|83|72
969,226|247|230|125|248|204|294|276|83|72
970,226|247|230|125|248|204|294|276|83|72
971,226|247|230|125|248|204|294|276|83|72
972,226|247|230|125|248|204|294|276|83|72
973,226|247|230|125|248|294|204|276|83|72
974,226|247|230|125|248|204|294|276|83|72
975,226|247|230|125|248|204|294|276|83|72
976,226|247|230|125|248|204|294|276|83|72
977,226|247|230|125|248|204|294|276|83|72
978,226|247|230|125|248|204|294|276|83|72
979,226|247|230|125|248|204|294|276|83|72
980,226|247|230|125|248|204|294|276|83|72
981,226|247|230|125|248|204|294|276|83|72
982,226|247|230|125|248|204|294|276|83|72
983,226|247|230|125|248|204|294|276|83|72
984,226|247|230|125|248|204|294|276|83|72
985,226|247|230|125|248|204|294|276|83|72
986,226|247|230|125|248|204|294|276|83|72
987,226|247|230|125|248|204|294|276|83|72
988,226|247|230|125|248|204|294|276|83|72
989,226|247|230|125|248|204|294|276|83|72
990,226|247|230|125|248|204|294|276|83|72
991,226|247|230|125|248|204|294|276|72|83
992,226|247|230|125|248|204|294|276|83|72
993,226|247|230|125|248|204|294|276|83|72
994,226|247|230|125|248|204|294|276|83|72
995,226|247|230|125|248|204|294|276|83|72
996,226|247|230|125|248|204|294|276|83|72
997,226|247|230|125|248|204|294|276|83|72
998,226|247|230|125|248|204|294|276|83|72
999,226|247|230|125|248|204|294|276|83|72
1000,226|247|230|125|248|204|294|276|83|72
